{"name":"Noodle","hunger":84.62625444999999,"happiness":90.73870749999999,"energy":93.88754695,"age":0,"lastSeen":1782163182549,"alive":true}