{"name":"Noodle","hunger":99.99999861666667,"happiness":100,"energy":99.99999945,"age":0,"lastSeen":1782174868817,"alive":true}